source_record_id,property_code,condition,normalized_value,measured_value,source_unit,normalized_value_si,measured_value_si,si_unit,source_url,source_locator,data_role
NCAMP-T2-1-001,F1tu_from_LT_ksi,CTD,357.39,353.7,ksi,2464117309.0053115,2438675654.5935216,Pa,https://www.wichita.edu/industry_and_defense/NIAR/Documents/Qual-CAM-RP-2009-015-Rev-B-Hexcel-8552-IM7-MPDR-04.16.19.pdf,"CAM-RP-2009-015 Rev B, Table 2-1, page 28",experimental_summary_statistic
NCAMP-T2-1-002,F1tu_from_LT_ksi,RTD,362.69,371.08,ksi,2500659522.659102,2558506536.348781,Pa,https://www.wichita.edu/industry_and_defense/NIAR/Documents/Qual-CAM-RP-2009-015-Rev-B-Hexcel-8552-IM7-MPDR-04.16.19.pdf,"CAM-RP-2009-015 Rev B, Table 2-1, page 28",experimental_summary_statistic
NCAMP-T2-1-003,F1tu_from_LT_ksi,ETW,333.5,327.96,ksi,2299401557.271528,2261204601.8673773,Pa,https://www.wichita.edu/industry_and_defense/NIAR/Documents/Qual-CAM-RP-2009-015-Rev-B-Hexcel-8552-IM7-MPDR-04.16.19.pdf,"CAM-RP-2009-015 Rev B, Table 2-1, page 28",experimental_summary_statistic
NCAMP-T2-1-004,E1t_Msi,CTD,22.57,22.33,Msi,155614672106.80176,153959930356.44144,Pa,https://www.wichita.edu/industry_and_defense/NIAR/Documents/Qual-CAM-RP-2009-015-Rev-B-Hexcel-8552-IM7-MPDR-04.16.19.pdf,"CAM-RP-2009-015 Rev B, Table 2-1, page 28",experimental_summary_statistic
NCAMP-T2-1-005,E1t_Msi,RTD,22.99,23.51,Msi,158510470169.9323,162095743962.3797,Pa,https://www.wichita.edu/industry_and_defense/NIAR/Documents/Qual-CAM-RP-2009-015-Rev-B-Hexcel-8552-IM7-MPDR-04.16.19.pdf,"CAM-RP-2009-015 Rev B, Table 2-1, page 28",experimental_summary_statistic
NCAMP-T2-1-006,E1t_Msi,ETW,24.0,23.77,Msi,165474175036.032,163888380858.60336,Pa,https://www.wichita.edu/industry_and_defense/NIAR/Documents/Qual-CAM-RP-2009-015-Rev-B-Hexcel-8552-IM7-MPDR-04.16.19.pdf,"CAM-RP-2009-015 Rev B, Table 2-1, page 28",experimental_summary_statistic
NCAMP-T2-1-007,nu12t,CTD,,0.27,,,0.27,,https://www.wichita.edu/industry_and_defense/NIAR/Documents/Qual-CAM-RP-2009-015-Rev-B-Hexcel-8552-IM7-MPDR-04.16.19.pdf,"CAM-RP-2009-015 Rev B, Table 2-1, page 28",experimental_summary_statistic
NCAMP-T2-1-008,nu12t,RTD,,0.316,,,0.316,,https://www.wichita.edu/industry_and_defense/NIAR/Documents/Qual-CAM-RP-2009-015-Rev-B-Hexcel-8552-IM7-MPDR-04.16.19.pdf,"CAM-RP-2009-015 Rev B, Table 2-1, page 28",experimental_summary_statistic
NCAMP-T2-1-009,nu12t,ETW,,0.393,,,0.393,,https://www.wichita.edu/industry_and_defense/NIAR/Documents/Qual-CAM-RP-2009-015-Rev-B-Hexcel-8552-IM7-MPDR-04.16.19.pdf,"CAM-RP-2009-015 Rev B, Table 2-1, page 28",experimental_summary_statistic
NCAMP-T2-1-010,F2tu_ksi,CTD,,9.6,ksi,,66189670.0144128,Pa,https://www.wichita.edu/industry_and_defense/NIAR/Documents/Qual-CAM-RP-2009-015-Rev-B-Hexcel-8552-IM7-MPDR-04.16.19.pdf,"CAM-RP-2009-015 Rev B, Table 2-1, page 28",experimental_summary_statistic
NCAMP-T2-1-011,F2tu_ksi,RTD,,9.29,ksi,,64052295.25353071,Pa,https://www.wichita.edu/industry_and_defense/NIAR/Documents/Qual-CAM-RP-2009-015-Rev-B-Hexcel-8552-IM7-MPDR-04.16.19.pdf,"CAM-RP-2009-015 Rev B, Table 2-1, page 28",experimental_summary_statistic
NCAMP-T2-1-012,F2tu_ksi,ETW,,3.49,ksi,,24062702.953156322,Pa,https://www.wichita.edu/industry_and_defense/NIAR/Documents/Qual-CAM-RP-2009-015-Rev-B-Hexcel-8552-IM7-MPDR-04.16.19.pdf,"CAM-RP-2009-015 Rev B, Table 2-1, page 28",experimental_summary_statistic
NCAMP-T2-1-013,E2t_Msi,CTD,,1.46,Msi,,10066345648.02528,Pa,https://www.wichita.edu/industry_and_defense/NIAR/Documents/Qual-CAM-RP-2009-015-Rev-B-Hexcel-8552-IM7-MPDR-04.16.19.pdf,"CAM-RP-2009-015 Rev B, Table 2-1, page 28",experimental_summary_statistic
NCAMP-T2-1-014,E2t_Msi,RTD,,1.3,Msi,,8963184481.1184,Pa,https://www.wichita.edu/industry_and_defense/NIAR/Documents/Qual-CAM-RP-2009-015-Rev-B-Hexcel-8552-IM7-MPDR-04.16.19.pdf,"CAM-RP-2009-015 Rev B, Table 2-1, page 28",experimental_summary_statistic
NCAMP-T2-1-015,E2t_Msi,ETW,,0.81,Msi,,5584753407.466081,Pa,https://www.wichita.edu/industry_and_defense/NIAR/Documents/Qual-CAM-RP-2009-015-Rev-B-Hexcel-8552-IM7-MPDR-04.16.19.pdf,"CAM-RP-2009-015 Rev B, Table 2-1, page 28",experimental_summary_statistic
NCAMP-T2-1-016,F1cu_ksi,CTD,296.49,291.99,ksi,2044226589.8513803,2013200182.0321243,Pa,https://www.wichita.edu/industry_and_defense/NIAR/Documents/Qual-CAM-RP-2009-015-Rev-B-Hexcel-8552-IM7-MPDR-04.16.19.pdf,"CAM-RP-2009-015 Rev B, Table 2-1, page 28",experimental_summary_statistic
NCAMP-T2-1-017,F1cu_ksi,RTD,248.94,251.13,ksi,1716380880.5612419,1731480399.03328,Pa,https://www.wichita.edu/industry_and_defense/NIAR/Documents/Qual-CAM-RP-2009-015-Rev-B-Hexcel-8552-IM7-MPDR-04.16.19.pdf,"CAM-RP-2009-015 Rev B, Table 2-1, page 28",experimental_summary_statistic
NCAMP-T2-1-018,F1cu_ksi,ETD,201.93,199.5,ksi,1392258340.2094142,1375504079.987016,Pa,https://www.wichita.edu/industry_and_defense/NIAR/Documents/Qual-CAM-RP-2009-015-Rev-B-Hexcel-8552-IM7-MPDR-04.16.19.pdf,"CAM-RP-2009-015 Rev B, Table 2-1, page 28",experimental_summary_statistic
NCAMP-T2-1-019,F1cu_ksi,ETW,173.0,172.58,ksi,1192793011.718064,1189897213.6549335,Pa,https://www.wichita.edu/industry_and_defense/NIAR/Documents/Qual-CAM-RP-2009-015-Rev-B-Hexcel-8552-IM7-MPDR-04.16.19.pdf,"CAM-RP-2009-015 Rev B, Table 2-1, page 28",experimental_summary_statistic
NCAMP-T2-1-020,E1c_Msi,CTD,20.68,20.53,Msi,142583580822.71423,141549367228.73904,Pa,https://www.wichita.edu/industry_and_defense/NIAR/Documents/Qual-CAM-RP-2009-015-Rev-B-Hexcel-8552-IM7-MPDR-04.16.19.pdf,"CAM-RP-2009-015 Rev B, Table 2-1, page 28",experimental_summary_statistic
NCAMP-T2-1-021,E1c_Msi,RTD,20.04,20.44,Msi,138170936155.08673,140928839072.35394,Pa,https://www.wichita.edu/industry_and_defense/NIAR/Documents/Qual-CAM-RP-2009-015-Rev-B-Hexcel-8552-IM7-MPDR-04.16.19.pdf,"CAM-RP-2009-015 Rev B, Table 2-1, page 28",experimental_summary_statistic
NCAMP-T2-1-022,E1c_Msi,ETD,20.25,20.0,Msi,139618835186.652,137895145863.36002,Pa,https://www.wichita.edu/industry_and_defense/NIAR/Documents/Qual-CAM-RP-2009-015-Rev-B-Hexcel-8552-IM7-MPDR-04.16.19.pdf,"CAM-RP-2009-015 Rev B, Table 2-1, page 28",experimental_summary_statistic
NCAMP-T2-1-023,E1c_Msi,ETW,20.37,20.65,Msi,140446206061.83218,142376738103.9192,Pa,https://www.wichita.edu/industry_and_defense/NIAR/Documents/Qual-CAM-RP-2009-015-Rev-B-Hexcel-8552-IM7-MPDR-04.16.19.pdf,"CAM-RP-2009-015 Rev B, Table 2-1, page 28",experimental_summary_statistic
NCAMP-T2-1-024,nu12c,CTD,,0.362,,,0.362,,https://www.wichita.edu/industry_and_defense/NIAR/Documents/Qual-CAM-RP-2009-015-Rev-B-Hexcel-8552-IM7-MPDR-04.16.19.pdf,"CAM-RP-2009-015 Rev B, Table 2-1, page 28",experimental_summary_statistic
NCAMP-T2-1-025,nu12c,RTD,,0.356,,,0.356,,https://www.wichita.edu/industry_and_defense/NIAR/Documents/Qual-CAM-RP-2009-015-Rev-B-Hexcel-8552-IM7-MPDR-04.16.19.pdf,"CAM-RP-2009-015 Rev B, Table 2-1, page 28",experimental_summary_statistic
NCAMP-T2-1-026,nu12c,ETD,,0.374,,,0.374,,https://www.wichita.edu/industry_and_defense/NIAR/Documents/Qual-CAM-RP-2009-015-Rev-B-Hexcel-8552-IM7-MPDR-04.16.19.pdf,"CAM-RP-2009-015 Rev B, Table 2-1, page 28",experimental_summary_statistic
NCAMP-T2-1-027,nu12c,ETW,,0.383,,,0.383,,https://www.wichita.edu/industry_and_defense/NIAR/Documents/Qual-CAM-RP-2009-015-Rev-B-Hexcel-8552-IM7-MPDR-04.16.19.pdf,"CAM-RP-2009-015 Rev B, Table 2-1, page 28",experimental_summary_statistic
NCAMP-T2-1-028,F2cu_ksi,CTD,,55.31,ksi,,381349025.8851221,Pa,https://www.wichita.edu/industry_and_defense/NIAR/Documents/Qual-CAM-RP-2009-015-Rev-B-Hexcel-8552-IM7-MPDR-04.16.19.pdf,"CAM-RP-2009-015 Rev B, Table 2-1, page 28",experimental_summary_statistic
NCAMP-T2-1-029,F2cu_ksi,RTD,,41.44,ksi,,285718742.2288819,Pa,https://www.wichita.edu/industry_and_defense/NIAR/Documents/Qual-CAM-RP-2009-015-Rev-B-Hexcel-8552-IM7-MPDR-04.16.19.pdf,"CAM-RP-2009-015 Rev B, Table 2-1, page 28",experimental_summary_statistic
NCAMP-T2-1-030,F2cu_ksi,ETW,,19.02,ksi,,131138283.71605536,Pa,https://www.wichita.edu/industry_and_defense/NIAR/Documents/Qual-CAM-RP-2009-015-Rev-B-Hexcel-8552-IM7-MPDR-04.16.19.pdf,"CAM-RP-2009-015 Rev B, Table 2-1, page 28",experimental_summary_statistic
NCAMP-T2-1-031,E2c_Msi,CTD,,1.53,Msi,,10548978658.54704,Pa,https://www.wichita.edu/industry_and_defense/NIAR/Documents/Qual-CAM-RP-2009-015-Rev-B-Hexcel-8552-IM7-MPDR-04.16.19.pdf,"CAM-RP-2009-015 Rev B, Table 2-1, page 28",experimental_summary_statistic
NCAMP-T2-1-032,E2c_Msi,RTD,,1.41,Msi,,9721607783.36688,Pa,https://www.wichita.edu/industry_and_defense/NIAR/Documents/Qual-CAM-RP-2009-015-Rev-B-Hexcel-8552-IM7-MPDR-04.16.19.pdf,"CAM-RP-2009-015 Rev B, Table 2-1, page 28",experimental_summary_statistic
NCAMP-T2-1-033,E2c_Msi,ETW,,1.18,Msi,,8135813605.93824,Pa,https://www.wichita.edu/industry_and_defense/NIAR/Documents/Qual-CAM-RP-2009-015-Rev-B-Hexcel-8552-IM7-MPDR-04.16.19.pdf,"CAM-RP-2009-015 Rev B, Table 2-1, page 28",experimental_summary_statistic
NCAMP-T2-1-034,nu21c,CTD,,0.028,,,0.028,,https://www.wichita.edu/industry_and_defense/NIAR/Documents/Qual-CAM-RP-2009-015-Rev-B-Hexcel-8552-IM7-MPDR-04.16.19.pdf,"CAM-RP-2009-015 Rev B, Table 2-1, page 28",experimental_summary_statistic
NCAMP-T2-1-035,nu21c,RTD,,0.024,,,0.024,,https://www.wichita.edu/industry_and_defense/NIAR/Documents/Qual-CAM-RP-2009-015-Rev-B-Hexcel-8552-IM7-MPDR-04.16.19.pdf,"CAM-RP-2009-015 Rev B, Table 2-1, page 28",experimental_summary_statistic
NCAMP-T2-1-036,nu21c,ETW,,0.018,,,0.018,,https://www.wichita.edu/industry_and_defense/NIAR/Documents/Qual-CAM-RP-2009-015-Rev-B-Hexcel-8552-IM7-MPDR-04.16.19.pdf,"CAM-RP-2009-015 Rev B, Table 2-1, page 28",experimental_summary_statistic
NCAMP-T2-1-037,F12s_0p2_ksi,CTD,,11.29,ksi,,77841809.83986671,Pa,https://www.wichita.edu/industry_and_defense/NIAR/Documents/Qual-CAM-RP-2009-015-Rev-B-Hexcel-8552-IM7-MPDR-04.16.19.pdf,"CAM-RP-2009-015 Rev B, Table 2-1, page 28",experimental_summary_statistic
NCAMP-T2-1-038,F12s_0p2_ksi,RTD,,7.76,ksi,,53503316.594983675,Pa,https://www.wichita.edu/industry_and_defense/NIAR/Documents/Qual-CAM-RP-2009-015-Rev-B-Hexcel-8552-IM7-MPDR-04.16.19.pdf,"CAM-RP-2009-015 Rev B, Table 2-1, page 28",experimental_summary_statistic
NCAMP-T2-1-039,F12s_0p2_ksi,ETW,,3.31,ksi,,22821646.64038608,Pa,https://www.wichita.edu/industry_and_defense/NIAR/Documents/Qual-CAM-RP-2009-015-Rev-B-Hexcel-8552-IM7-MPDR-04.16.19.pdf,"CAM-RP-2009-015 Rev B, Table 2-1, page 28",experimental_summary_statistic
NCAMP-T2-1-040,F12s_max_ksi,CTD,,16.56,ksi,,114177180.77486207,Pa,https://www.wichita.edu/industry_and_defense/NIAR/Documents/Qual-CAM-RP-2009-015-Rev-B-Hexcel-8552-IM7-MPDR-04.16.19.pdf,"CAM-RP-2009-015 Rev B, Table 2-1, page 28",experimental_summary_statistic
NCAMP-T2-1-041,F12s_5pct_ksi,RTD,,13.22,ksi,,91148691.41568096,Pa,https://www.wichita.edu/industry_and_defense/NIAR/Documents/Qual-CAM-RP-2009-015-Rev-B-Hexcel-8552-IM7-MPDR-04.16.19.pdf,"CAM-RP-2009-015 Rev B, Table 2-1, page 28",experimental_summary_statistic
NCAMP-T2-1-042,F12s_5pct_ksi,ETW,,5.54,ksi,,38196955.40415072,Pa,https://www.wichita.edu/industry_and_defense/NIAR/Documents/Qual-CAM-RP-2009-015-Rev-B-Hexcel-8552-IM7-MPDR-04.16.19.pdf,"CAM-RP-2009-015 Rev B, Table 2-1, page 28",experimental_summary_statistic
NCAMP-T2-1-043,G12_Msi,CTD,,0.86,Msi,,5929491272.12448,Pa,https://www.wichita.edu/industry_and_defense/NIAR/Documents/Qual-CAM-RP-2009-015-Rev-B-Hexcel-8552-IM7-MPDR-04.16.19.pdf,"CAM-RP-2009-015 Rev B, Table 2-1, page 28",experimental_summary_statistic
NCAMP-T2-1-044,G12_Msi,RTD,,0.68,Msi,,4688434959.35424,Pa,https://www.wichita.edu/industry_and_defense/NIAR/Documents/Qual-CAM-RP-2009-015-Rev-B-Hexcel-8552-IM7-MPDR-04.16.19.pdf,"CAM-RP-2009-015 Rev B, Table 2-1, page 28",experimental_summary_statistic
NCAMP-T2-1-045,G12_Msi,ETW,,0.31,Msi,,2137374760.88208,Pa,https://www.wichita.edu/industry_and_defense/NIAR/Documents/Qual-CAM-RP-2009-015-Rev-B-Hexcel-8552-IM7-MPDR-04.16.19.pdf,"CAM-RP-2009-015 Rev B, Table 2-1, page 28",experimental_summary_statistic
NCAMP-T2-1-046,SBS_ksi,CTD,,21.04,ksi,,145065693.4482547,Pa,https://www.wichita.edu/industry_and_defense/NIAR/Documents/Qual-CAM-RP-2009-015-Rev-B-Hexcel-8552-IM7-MPDR-04.16.19.pdf,"CAM-RP-2009-015 Rev B, Table 2-1, page 28",experimental_summary_statistic
NCAMP-T2-1-047,SBS_ksi,RTD,,17.13,ksi,,118107192.43196784,Pa,https://www.wichita.edu/industry_and_defense/NIAR/Documents/Qual-CAM-RP-2009-015-Rev-B-Hexcel-8552-IM7-MPDR-04.16.19.pdf,"CAM-RP-2009-015 Rev B, Table 2-1, page 28",experimental_summary_statistic
NCAMP-T2-1-048,SBS_ksi,ETD,,11.23,ksi,,77428124.40227664,Pa,https://www.wichita.edu/industry_and_defense/NIAR/Documents/Qual-CAM-RP-2009-015-Rev-B-Hexcel-8552-IM7-MPDR-04.16.19.pdf,"CAM-RP-2009-015 Rev B, Table 2-1, page 28",experimental_summary_statistic
NCAMP-T2-1-049,SBS_ksi,ETW,,8.25,ksi,,56881747.668636,Pa,https://www.wichita.edu/industry_and_defense/NIAR/Documents/Qual-CAM-RP-2009-015-Rev-B-Hexcel-8552-IM7-MPDR-04.16.19.pdf,"CAM-RP-2009-015 Rev B, Table 2-1, page 28",experimental_summary_statistic
